なめらか,1
滑らか,1
さっぱり,1
潤い,1
安い,1
やすい,1
溺愛,1
よい,1
良い,1
さらっ,1
消える,1
おすすめ,1
ふっくら,1
改善,1
リピート,1
合う,1
綺麗,1
美白,1
整う,1
改善,1
すべすべ,1
つるん,1
アップ,1
染み込む,1
浸透,1
褒める,1
輝く,1
是非,1
好き,1
最高,1
足りる,1
ぜひ,1
いいな,1
安心,1
魅力,1
嬉しい,1
逸品,1
つるつる,1
続ける,1
治る,1
明るい,1
自信,1
気持ちいい,1
抜群,1
すごい,1
凄い,1
蘇る,1
グングン,1
好感触,1
感動,1
買う,1
柔らかい,1
大丈夫,1
防ぐ,1
変わる,1
可,1
良し,1
いい,1
お薦め,1
ベスト,1
キープ,1
正解,1
大正解,1
心地よい,1
心地良い,1
助かる,1
満足,1
最強,1
気に入る,1
愛用,1
おかげ,1
おかげさま,1
有難い,1
ありがたい,1
美しい,1
すいすい,1
感謝,1
丁寧,1
ちゃんと,1
完璧,1
楽しい,1
若返る,1
,
独特,-1
我慢,-1
乾燥,-1
酸っぱい,-1
ひきつる,-1
残念,-1
ピリピリ,-1
悪い,-1
荒れる,-1
高い,-1
苦手,-1
躊躇,-1
きつい,-1
やめる,-1
中止,-1
痛い,-1
ベタベタ,-1
外れ,-1
嫌い,-1
難しい,-1
最悪,-1
不安,-1
ガサガサ,-1
ぶつぶつ,-1
辛い,-1
トラウマ,-1
くすみ,-1
トラブル,-1
カサカサ,-1
しみ,-1
嫌,-1
物足りない,-1
臭い,-1
くさい,-1
ざらざら,-1
ごわつき,-1
ざらつき,-1
所詮,-1
余計,-1
最低,-1
最悪,-1
かぶれる,-1
べたつき,-1
不可,-1
肌荒れ,-1
厳しい,-1
酷い,-1
染みる,-1
崩れる,-1
崩れ,-1
不良品,-1
違反,-1
怪しい,-1
老ける,-1
ヒリヒリ,-1
古い,-1
怖い,-1
キズ,-1
カッサカサ,-1
赤み,-1
ブツブツ,-1
ピリッ,-1
,